date,sellRate
2016-01-01,174.5
2016-01-02,174.5
2016-01-03,174.5
2016-01-04,174.5
2016-01-05,174.5
2016-01-06,174.5
2016-01-07,174.5
2016-01-08,174.5
2016-01-09,174.5
2016-01-10,174.5
2016-01-11,174.5
2016-01-12,174.5
2016-01-13,174.5
2016-01-14,174.5
2016-01-15,174.5
2016-01-16,174.5
2016-01-17,174.5
2016-01-18,174.5
2016-01-19,174.5
2016-01-20,174.5
2016-01-21,174.5
2016-01-22,174.5
2016-01-23,174.5
2016-01-24,174.5
2016-01-25,174.5
2016-01-26,174.5
2016-01-27,174.5
2016-01-28,175
2016-01-29,175.5
2016-01-30,175.5
2016-01-31,176
2016-02-01,176.5
2016-02-02,176.5
2016-02-03,176.5
2016-02-04,176.5
2016-02-05,176.5
2016-02-06,176.5
2016-02-07,176.5
2016-02-08,176.5
2016-02-09,176.5
2016-02-10,176.5
2016-02-11,176.5
2016-02-12,176.5
2016-02-13,176.5
2016-02-14,176.5
2016-02-15,176.5
2016-02-16,176.5
2016-02-17,176.5
2016-02-18,176.5
2016-02-19,176.5
2016-02-20,176.5
2016-02-21,176.5
2016-02-22,176.5
2016-02-23,176.5
2016-02-24,176.5
2016-02-25,176.5
2016-02-26,176.5
2016-02-27,176.5
2016-02-28,176.5
2016-02-29,177
2016-03-01,177
2016-03-02,177
2016-03-03,177
2016-03-04,177
2016-03-05,177
2016-03-06,177
2016-03-07,177
2016-03-08,177
2016-03-09,177
2016-03-10,177
2016-03-11,177
2016-03-12,177
2016-03-13,177
2016-03-14,177
2016-03-15,177
2016-03-16,177
2016-03-17,177
2016-03-18,177
2016-03-19,177
2016-03-20,177
2016-03-21,177
2016-03-22,177
2016-03-23,177
2016-03-24,177
2016-03-25,177
2016-03-26,177
2016-03-27,177
2016-03-28,177.5
2016-03-29,177.5
2016-03-30,178
2016-03-31,178
2016-04-01,178.5
2016-04-02,178.5
2016-04-03,178.5
2016-04-04,178.5
2016-04-05,178.5
2016-04-06,178.5
2016-04-07,178.5
2016-04-08,178.5
2016-04-09,178.5
2016-04-10,178.5
2016-04-11,178.5
2016-04-12,178.5
2016-04-13,178.5
2016-04-14,178.5
2016-04-15,178.5
2016-04-16,178.5
2016-04-17,178.5
2016-04-18,178.5
2016-04-19,178.5
2016-04-20,178.5
2016-04-21,178.5
2016-04-22,178.5
2016-04-23,178.5
2016-04-24,178.5
2016-04-25,178.5
2016-04-26,178.5
2016-04-27,178.5
2016-04-28,179
2016-04-29,180
2016-04-30,181
2016-05-01,181.5
2016-05-02,181.5
2016-05-03,181.5
2016-05-04,181.5
2016-05-05,181.5
2016-05-06,181.5
2016-05-07,181.5
2016-05-08,181.5
2016-05-09,181.5
2016-05-10,181.5
2016-05-11,181.5
2016-05-12,181.5
2016-05-13,181.5
2016-05-14,181.5
2016-05-15,181.5
2016-05-16,181.5
2016-05-17,181.5
2016-05-18,181.5
2016-05-19,181.5
2016-05-20,181.5
2016-05-21,181.5
2016-05-22,181.5
2016-05-23,181.5
2016-05-24,181.5
2016-05-25,181.5
2016-05-26,181.5
2016-05-27,181.5
2016-05-28,181.5
2016-05-29,181.5
2016-05-30,181.5
2016-05-31,181.5
2016-06-01,181.5
2016-06-02,181.5
2016-06-03,181.5
2016-06-04,181.5
2016-06-05,181.5
2016-06-06,181.5
2016-06-07,181.5
2016-06-08,181.5
2016-06-09,181.5
2016-06-10,181.5
2016-06-11,181.5
2016-06-12,181.5
2016-06-13,181.5
2016-06-14,181.5
2016-06-15,181.5
2016-06-16,181.5
2016-06-17,181.5
2016-06-18,181.5
2016-06-19,181.5
2016-06-20,181.5
2016-06-21,181.5
2016-06-22,181.5
2016-06-23,181.5
2016-06-24,181.5
2016-06-25,181.5
2016-06-26,181.5
2016-06-27,181.5
2016-06-28,181.5
2016-06-29,181.5
2016-06-30,181.5
2016-07-01,181.5
2016-07-02,181.5
2016-07-03,181.5
2016-07-04,181.5
2016-07-05,181.5
2016-07-06,181.5
2016-07-07,181.5
2016-07-08,181.5
2016-07-09,181.5
2016-07-10,181.5
2016-07-11,181.5
2016-07-12,181.5
2016-07-13,181.5
2016-07-14,181.5
2016-07-15,181.5
2016-07-16,181.5
2016-07-17,181.5
2016-07-18,181.5
2016-07-19,181.5
2016-07-20,181.5
2016-07-21,181.5
2016-07-22,181.5
2016-07-23,181.5
2016-07-24,181.5
2016-07-25,181.5
2016-07-26,181.5
2016-07-27,181.5
2016-07-28,181.5
2016-07-29,181.5
2016-07-30,181.5
2016-07-31,182
2016-08-01,182
2016-08-02,182
2016-08-03,182
2016-08-04,182
2016-08-05,182
2016-08-06,182
2016-08-07,182
2016-08-08,182
2016-08-09,182
2016-08-10,182
2016-08-11,182
2016-08-12,182
2016-08-13,182
2016-08-14,182
2016-08-15,182
2016-08-16,182
2016-08-17,182
2016-08-18,182
2016-08-19,182
2016-08-20,182
2016-08-21,182
2016-08-22,182
2016-08-23,182
2016-08-24,182
2016-08-25,182
2016-08-26,182
2016-08-27,182
2016-08-28,182
2016-08-29,182
2016-08-30,182
2016-08-31,182
2016-09-01,182
2016-09-02,182
2016-09-03,182
2016-09-04,182
2016-09-05,182
2016-09-06,182
2016-09-07,182
2016-09-08,182
2016-09-09,182
2016-09-10,182
2016-09-11,182
2016-09-12,182
2016-09-13,182
2016-09-14,182
2016-09-15,182
2016-09-16,182
2016-09-17,182
2016-09-18,182
2016-09-19,182
2016-09-20,182
2016-09-21,182
2016-09-22,182
2016-09-23,182
2016-09-24,182
2016-09-25,182
2016-09-26,182
2016-09-27,182
2016-09-28,182
2016-09-29,182
2016-09-30,182
2016-10-01,182
2016-10-02,182
2016-10-03,182
2016-10-04,182
2016-10-05,182
2016-10-06,182
2016-10-07,182
2016-10-08,182
2016-10-09,182
2016-10-10,182
2016-10-11,182
2016-10-12,182
2016-10-13,182
2016-10-14,182
2016-10-15,182
2016-10-16,182
2016-10-17,182
2016-10-18,182
2016-10-19,182
2016-10-20,182
2016-10-21,182
2016-10-22,182
2016-10-23,182
2016-10-24,182
2016-10-25,182
2016-10-26,182
2016-10-27,182
2016-10-28,182
2016-10-29,182
2016-10-30,182.5
2016-10-31,182.5
2016-11-01,182.5
2016-11-02,182.5
2016-11-03,182.5
2016-11-04,182.5
2016-11-05,182.5
2016-11-06,182.5
2016-11-07,182.5
2016-11-08,182.5
2016-11-09,182.5
2016-11-10,182.5
2016-11-11,182.5
2016-11-12,182.5
2016-11-13,182.5
2016-11-14,182.5
2016-11-15,182.5
2016-11-16,182.5
2016-11-17,182.5
2016-11-18,182.5
2016-11-19,182.5
2016-11-20,182.5
2016-11-21,182.5
2016-11-22,182.5
2016-11-23,182.5
2016-11-24,182.5
2016-11-25,182.5
2016-11-26,182.5
2016-11-27,182.5
2016-11-28,183.5
2016-11-29,185
2016-11-30,186
2016-12-01,187.5
2016-12-02,187.5
2016-12-03,187.5
2016-12-04,187.5
2016-12-05,187.5
2016-12-06,187.5
2016-12-07,187.5
2016-12-08,187.5
2016-12-09,187.5
2016-12-10,187.5
2016-12-11,187.5
2016-12-12,187.5
2016-12-13,187.5
2016-12-14,187.5
2016-12-15,187.5
2016-12-16,187.5
2016-12-17,187.5
2016-12-18,187.5
2016-12-19,187.5
2016-12-20,187.5
2016-12-21,187.5
2016-12-22,187.5
2016-12-23,187.5
2016-12-24,187.5
2016-12-25,187.5
2016-12-26,187.5
2016-12-27,187.5
2016-12-28,187.5
2016-12-29,187
2016-12-30,187
2016-12-31,187
2017-01-01,187
2017-01-02,187
2017-01-03,187
2017-01-04,187
2017-01-05,187
2017-01-06,187
2017-01-07,187
2017-01-08,187
2017-01-09,187
2017-01-10,187
2017-01-11,187
2017-01-12,187
2017-01-13,187
2017-01-14,187
2017-01-15,187
2017-01-16,187
2017-01-17,187
2017-01-18,187
2017-01-19,187
2017-01-20,187
2017-01-21,187
2017-01-22,187
2017-01-23,187
2017-01-24,187
2017-01-25,187
2017-01-26,187
2017-01-27,187
2017-01-28,187
2017-01-29,187
2017-01-30,187
2017-01-31,187
2017-02-01,187
2017-02-02,187
2017-02-03,187
2017-02-04,187
2017-02-05,187
2017-02-06,187
2017-02-07,187
2017-02-08,187
2017-02-09,187
2017-02-10,187
2017-02-11,187
2017-02-12,187
2017-02-13,187
2017-02-14,187
2017-02-15,187
2017-02-16,187
2017-02-17,187
2017-02-18,187
2017-02-19,187
2017-02-20,187
2017-02-21,187
2017-02-22,187
2017-02-23,187
2017-02-24,187
2017-02-25,187
2017-02-26,187
2017-02-27,187
2017-02-28,187
2017-03-01,187.5
2017-03-02,187.5
2017-03-03,187.5
2017-03-04,187.5
2017-03-05,187.5
2017-03-06,187.5
2017-03-07,187.5
2017-03-08,187.5
2017-03-09,187.5
2017-03-10,187.5
2017-03-11,187.5
2017-03-12,187.5
2017-03-13,187.5
2017-03-14,187.5
2017-03-15,187.5
2017-03-16,187.5
2017-03-17,187.5
2017-03-18,187.5
2017-03-19,187.5
2017-03-20,187.5
2017-03-21,187.5
2017-03-22,187.5
2017-03-23,187.5
2017-03-24,187.5
2017-03-25,187.5
2017-03-26,187.5
2017-03-27,187.5
2017-03-28,187.5
2017-03-29,187.5
2017-03-30,188
2017-03-31,188
2017-04-01,188
2017-04-02,188
2017-04-03,188
2017-04-04,188
2017-04-05,188
2017-04-06,188
2017-04-07,188
2017-04-08,188
2017-04-09,188
2017-04-10,188
2017-04-11,188
2017-04-12,188
2017-04-13,188
2017-04-14,188
2017-04-15,188
2017-04-16,188
2017-04-17,188
2017-04-18,188
2017-04-19,188
2017-04-20,188
2017-04-21,188
2017-04-22,188
2017-04-23,188
2017-04-24,188
2017-04-25,188
2017-04-26,188
2017-04-27,188
2017-04-28,188.5
2017-04-29,189
2017-04-30,189
2017-05-01,189.5
2017-05-02,189.5
2017-05-03,189.5
2017-05-04,189.5
2017-05-05,189.5
2017-05-06,189.5
2017-05-07,189.5
2017-05-08,189.5
2017-05-09,189.5
2017-05-10,189.5
2017-05-11,189.5
2017-05-12,189.5
2017-05-13,189.5
2017-05-14,189.5
2017-05-15,189.5
2017-05-16,189.5
2017-05-17,189.5
2017-05-18,189.5
2017-05-19,189.5
2017-05-20,189.5
2017-05-21,189.5
2017-05-22,189.5
2017-05-23,189.5
2017-05-24,189.5
2017-05-25,189.5
2017-05-26,189.5
2017-05-27,189.5
2017-05-28,189.5
2017-05-29,190
2017-05-30,190
2017-05-31,190
2017-06-01,190
2017-06-02,190
2017-06-03,190
2017-06-04,190
2017-06-05,190
2017-06-06,190
2017-06-07,190
2017-06-08,190
2017-06-09,190
2017-06-10,190
2017-06-11,190
2017-06-12,190
2017-06-13,190
2017-06-14,190
2017-06-15,190
2017-06-16,190
2017-06-17,190
2017-06-18,190
2017-06-19,190
2017-06-20,190
2017-06-21,190
2017-06-22,190
2017-06-23,190
2017-06-24,190
2017-06-25,190
2017-06-26,190
2017-06-27,190
2017-06-28,191.5
2017-06-29,192.5
2017-06-30,193.5
2017-07-01,194.5
2017-07-02,194.5
2017-07-03,194.5
2017-07-04,194.5
2017-07-05,194.5
2017-07-06,194.5
2017-07-07,194.5
2017-07-08,194.5
2017-07-09,194.5
2017-07-10,194.5
2017-07-11,194.5
2017-07-12,194.5
2017-07-13,194.5
2017-07-14,194.5
2017-07-15,194.5
2017-07-16,194.5
2017-07-17,194.5
2017-07-18,194.5
2017-07-19,194.5
2017-07-20,194.5
2017-07-21,194.5
2017-07-22,194.5
2017-07-23,194.5
2017-07-24,194.5
2017-07-25,194.5
2017-07-26,194.5
2017-07-27,194.5
2017-07-28,194
2017-07-29,193
2017-07-30,192.5
2017-07-31,191.5
2017-08-01,191
2017-08-02,191
2017-08-03,191
2017-08-04,191
2017-08-05,191
2017-08-06,191
2017-08-07,191
2017-08-08,191
2017-08-09,191
2017-08-10,191
2017-08-11,191
2017-08-12,191
2017-08-13,191
2017-08-14,191
2017-08-15,191
2017-08-16,191
2017-08-17,191
2017-08-18,191
2017-08-19,191
2017-08-20,191
2017-08-21,191
2017-08-22,191
2017-08-23,191
2017-08-24,191
2017-08-25,191
2017-08-26,191
2017-08-27,191
2017-08-28,191.5
2017-08-29,192.5
2017-08-30,193
2017-08-31,194
2017-09-01,194.5
2017-09-02,194.5
2017-09-03,194.5
2017-09-04,194.5
2017-09-05,194.5
2017-09-06,194.5
2017-09-07,194.5
2017-09-08,194.5
2017-09-09,194.5
2017-09-10,194.5
2017-09-11,194.5
2017-09-12,194.5
2017-09-13,194.5
2017-09-14,194.5
2017-09-15,194.5
2017-09-16,194.5
2017-09-17,194.5
2017-09-18,194.5
2017-09-19,194.5
2017-09-20,194.5
2017-09-21,194.5
2017-09-22,194.5
2017-09-23,194.5
2017-09-24,194.5
2017-09-25,194.5
2017-09-26,194.5
2017-09-27,194.5
2017-09-28,196.5
2017-09-29,199
2017-09-30,201
2017-10-01,203.5
2017-10-02,203.5
2017-10-03,203.5
2017-10-04,203.5
2017-10-05,203.5
2017-10-06,203.5
2017-10-07,203.5
2017-10-08,203.5
2017-10-09,203.5
2017-10-10,203.5
2017-10-11,203.5
2017-10-12,203.5
2017-10-13,203.5
2017-10-14,203.5
2017-10-15,203.5
2017-10-16,203.5
2017-10-17,203.5
2017-10-18,203.5
2017-10-19,203.5
2017-10-20,203.5
2017-10-21,203.5
2017-10-22,203.5
2017-10-23,203.5
2017-10-24,203.5
2017-10-25,203.5
2017-10-26,203.5
2017-10-27,203.5
2017-10-28,203.5
2017-10-29,203.5
2017-10-30,203.5
2017-10-31,203.5
2017-11-01,203.5
2017-11-02,203.5
2017-11-03,203.5
2017-11-04,203.5
2017-11-05,203.5
2017-11-06,203.5
2017-11-07,203.5
2017-11-08,203.5
2017-11-09,203.5
2017-11-10,203.5
2017-11-11,203.5
2017-11-12,203.5
2017-11-13,203.5
2017-11-14,203.5
2017-11-15,203.5
2017-11-16,203.5
2017-11-17,203.5
2017-11-18,203.5
2017-11-19,203.5
2017-11-20,203.5
2017-11-21,203.5
2017-11-22,203.5
2017-11-23,203.5
2017-11-24,203.5
2017-11-25,203.5
2017-11-26,203.5
2017-11-27,203.5
2017-11-28,204
2017-11-29,204.5
2017-11-30,205
2017-12-01,205
2017-12-02,205
2017-12-03,205
2017-12-04,205
2017-12-05,205
2017-12-06,205
2017-12-07,205
2017-12-08,205
2017-12-09,205
2017-12-10,205
2017-12-11,205
2017-12-12,205
2017-12-13,205
2017-12-14,205
2017-12-15,205
2017-12-16,205
2017-12-17,205
2017-12-18,205
2017-12-19,205
2017-12-20,205
2017-12-21,205
2017-12-22,205
2017-12-23,205
2017-12-24,205
2017-12-25,205
2017-12-26,205
2017-12-27,205
2017-12-28,205
2017-12-29,205
2017-12-30,204.5
2017-12-31,204.5
2018-01-01,204
2018-01-02,204
2018-01-03,204
2018-01-04,204
2018-01-05,204
2018-01-06,204
2018-01-07,204
2018-01-08,204
2018-01-09,204
2018-01-10,204
2018-01-11,204
2018-01-12,204
2018-01-13,204
2018-01-14,204
2018-01-15,204
2018-01-16,204
2018-01-17,204
2018-01-18,204
2018-01-19,204
2018-01-20,204
2018-01-21,204
2018-01-22,204
2018-01-23,204
2018-01-24,204
2018-01-25,204
2018-01-26,204
2018-01-27,204
2018-01-28,204.5
2018-01-29,205
2018-01-30,206
2018-01-31,206.5
2018-02-01,207
2018-02-02,207
2018-02-03,207
2018-02-04,207
2018-02-05,207
2018-02-06,207
2018-02-07,207
2018-02-08,207
2018-02-09,207
2018-02-10,207
2018-02-11,207
2018-02-12,207
2018-02-13,207
2018-02-14,207
2018-02-15,207
2018-02-16,207
2018-02-17,207
2018-02-18,207
2018-02-19,207
2018-02-20,207
2018-02-21,207
2018-02-22,207
2018-02-23,207
2018-02-24,207
2018-02-25,207
2018-02-26,207
2018-02-27,207
2018-02-28,208
2018-03-01,209
2018-03-02,209
2018-03-03,209
2018-03-04,209
2018-03-05,209
2018-03-06,209
2018-03-07,209
2018-03-08,209
2018-03-09,209
2018-03-10,209
2018-03-11,209
2018-03-12,209
2018-03-13,209
2018-03-14,209
2018-03-15,209
2018-03-16,209
2018-03-17,209
2018-03-18,209
2018-03-19,209
2018-03-20,209
2018-03-21,209
2018-03-22,209
2018-03-23,209
2018-03-24,209
2018-03-25,209
2018-03-26,209
2018-03-27,209
2018-03-28,209
2018-03-29,209.5
2018-03-30,210
2018-03-31,210.5
2018-04-01,210.5
2018-04-02,210.5
2018-04-03,210.5
2018-04-04,210.5
2018-04-05,210.5
2018-04-06,210.5
2018-04-07,210.5
2018-04-08,210.5
2018-04-09,210.5
2018-04-10,210.5
2018-04-11,210.5
2018-04-12,210.5
2018-04-13,210.5
2018-04-14,210.5
2018-04-15,210.5
2018-04-16,210.5
2018-04-17,210.5
2018-04-18,210.5
2018-04-19,210.5
2018-04-20,210.5
2018-04-21,210.5
2018-04-22,210.5
2018-04-23,210.5
2018-04-24,210.5
2018-04-25,210.5
2018-04-26,210.5
2018-04-27,210.5
2018-04-28,211
2018-04-29,211.5
2018-04-30,211.5
2018-05-01,212
2018-05-02,212
2018-05-03,212
2018-05-04,212
2018-05-05,212
2018-05-06,212
2018-05-07,212
2018-05-08,212
2018-05-09,212
2018-05-10,212
2018-05-11,212
2018-05-12,212
2018-05-13,212
2018-05-14,212
2018-05-15,212
2018-05-16,212
2018-05-17,212
2018-05-18,212
2018-05-19,212
2018-05-20,212
2018-05-21,212
2018-05-22,212
2018-05-23,212
2018-05-24,212
2018-05-25,212
2018-05-26,212
2018-05-27,212
2018-05-28,212
2018-05-29,211.5
2018-05-30,211.5
2018-05-31,211.5
2018-06-01,211
2018-06-02,211
2018-06-03,211
2018-06-04,211
2018-06-05,211
2018-06-06,211
2018-06-07,211
2018-06-08,211
2018-06-09,211
2018-06-10,211
2018-06-11,211
2018-06-12,211
2018-06-13,211
2018-06-14,211
2018-06-15,211
2018-06-16,211
2018-06-17,211
2018-06-18,211
2018-06-19,211
2018-06-20,211
2018-06-21,211
2018-06-22,211
2018-06-23,211
2018-06-24,211
2018-06-25,211
2018-06-26,211
2018-06-27,211
2018-06-28,211.5
2018-06-29,211.5
2018-06-30,212
2018-07-01,212.5
2018-07-02,212.5
2018-07-03,212.5
2018-07-04,212.5
2018-07-05,212.5
2018-07-06,212.5
2018-07-07,212.5
2018-07-08,212.5
2018-07-09,212.5
2018-07-10,212.5
2018-07-11,212.5
2018-07-12,212.5
2018-07-13,212.5
2018-07-14,212.5
2018-07-15,212.5
2018-07-16,212.5
2018-07-17,212.5
2018-07-18,212.5
2018-07-19,212.5
2018-07-20,212.5
2018-07-21,212.5
2018-07-22,212.5
2018-07-23,212.5
2018-07-24,212.5
2018-07-25,212.5
2018-07-26,212.5
2018-07-27,212.5
2018-07-28,212.5
2018-07-29,212.5
2018-07-30,212.5
2018-07-31,212.5
2018-08-01,213
2018-08-02,213
2018-08-03,213
2018-08-04,213
2018-08-05,213
2018-08-06,213
2018-08-07,213
2018-08-08,213
2018-08-09,213
2018-08-10,213
2018-08-11,213
2018-08-12,213
2018-08-13,213
2018-08-14,213
2018-08-15,213
2018-08-16,213
2018-08-17,213
2018-08-18,213
2018-08-19,213
2018-08-20,213
2018-08-21,213
2018-08-22,213
2018-08-23,213
2018-08-24,213
2018-08-25,213
2018-08-26,213
2018-08-27,213
2018-08-28,212.5
2018-08-29,212
2018-08-30,211.5
2018-08-31,211
2018-09-01,210.5
2018-09-02,210.5
2018-09-03,210.5
2018-09-04,210.5
2018-09-05,210.5
2018-09-06,210.5
2018-09-07,210.5
2018-09-08,210.5
2018-09-09,210.5
2018-09-10,210.5
2018-09-11,210.5
2018-09-12,210.5
2018-09-13,210.5
2018-09-14,210.5
2018-09-15,210.5
2018-09-16,210.5
2018-09-17,210.5
2018-09-18,210.5
2018-09-19,210.5
2018-09-20,210.5
2018-09-21,210.5
2018-09-22,210.5
2018-09-23,210.5
2018-09-24,210.5
2018-09-25,210.5
2018-09-26,210.5
2018-09-27,210.5
2018-09-28,210.5
2018-09-29,211
2018-09-30,211
2018-10-01,211.5
2018-10-02,211.5
2018-10-03,211.5
2018-10-04,211.5
2018-10-05,211.5
2018-10-06,211.5
2018-10-07,211.5
2018-10-08,211.5
2018-10-09,211.5
2018-10-10,211.5
2018-10-11,211.5
2018-10-12,211.5
2018-10-13,211.5
2018-10-14,211.5
2018-10-15,211.5
2018-10-16,211.5
2018-10-17,211.5
2018-10-18,211.5
2018-10-19,211.5
2018-10-20,211.5
2018-10-21,211.5
2018-10-22,211.5
2018-10-23,211.5
2018-10-24,211.5
2018-10-25,211.5
2018-10-26,211.5
2018-10-27,211.5
2018-10-28,211.5
2018-10-29,211.5
2018-10-30,212
2018-10-31,212
2018-11-01,212
2018-11-02,212
2018-11-03,212
2018-11-04,212
2018-11-05,212
2018-11-06,212
2018-11-07,212
2018-11-08,212
2018-11-09,212
2018-11-10,212
2018-11-11,212
2018-11-12,212
2018-11-13,212
2018-11-14,212
2018-11-15,212
2018-11-16,212
2018-11-17,212
2018-11-18,212
2018-11-19,212
2018-11-20,212
2018-11-21,212
2018-11-22,212
2018-11-23,212
2018-11-24,212
2018-11-25,212
2018-11-26,212
2018-11-27,212
2018-11-28,212.5
2018-11-29,212.5
2018-11-30,213
2018-12-01,213
2018-12-02,213
2018-12-03,213
2018-12-04,213
2018-12-05,213
2018-12-06,213
2018-12-07,213
2018-12-08,213
2018-12-09,213
2018-12-10,213
2018-12-11,213
2018-12-12,213
2018-12-13,213
2018-12-14,213
2018-12-15,213
2018-12-16,213
2018-12-17,213
2018-12-18,213
2018-12-19,213
2018-12-20,213
2018-12-21,213
2018-12-22,213
2018-12-23,213
2018-12-24,213
2018-12-25,213
2018-12-26,213
2018-12-27,213
2018-12-28,213
2018-12-29,213
2018-12-30,213
2018-12-31,212.5
2019-01-01,212.5
2019-01-02,212.5
2019-01-03,212.5
2019-01-04,212.5
2019-01-05,212.5
2019-01-06,212.5
2019-01-07,212.5
2019-01-08,212.5
2019-01-09,212.5
2019-01-10,212.5
2019-01-11,212.5
2019-01-12,212.5
2019-01-13,212.5
2019-01-14,212.5
2019-01-15,212.5
2019-01-16,212.5
2019-01-17,212.5
2019-01-18,212.5
2019-01-19,212.5
2019-01-20,212.5
2019-01-21,212.5
2019-01-22,212.5
2019-01-23,212.5
2019-01-24,212.5
2019-01-25,212.5
2019-01-26,212.5
2019-01-27,212.5
2019-01-28,212.5
2019-01-29,213
2019-01-30,213
2019-01-31,213
2019-02-01,213
2019-02-02,213
2019-02-03,213
2019-02-04,213
2019-02-05,213
2019-02-06,213
2019-02-07,213
2019-02-08,213
2019-02-09,213
2019-02-10,213
2019-02-11,213
2019-02-12,213
2019-02-13,213
2019-02-14,213
2019-02-15,213
2019-02-16,213
2019-02-17,213
2019-02-18,213
2019-02-19,213
2019-02-20,213
2019-02-21,213
2019-02-22,213
2019-02-23,213
2019-02-24,213
2019-02-25,213
2019-02-26,213
2019-02-27,213
2019-02-28,214.5
2019-03-01,216
2019-03-02,216
2019-03-03,216
2019-03-04,216
2019-03-05,216
2019-03-06,216
2019-03-07,216
2019-03-08,216
2019-03-09,216
2019-03-10,216
2019-03-11,216
2019-03-12,216
2019-03-13,216
2019-03-14,216
2019-03-15,216
2019-03-16,216
2019-03-17,216
2019-03-18,216
2019-03-19,216
2019-03-20,216
2019-03-21,216
2019-03-22,216
2019-03-23,216
2019-03-24,216
2019-03-25,216
2019-03-26,216
2019-03-27,216
2019-03-28,216
2019-03-29,215.5
2019-03-30,215.5
2019-03-31,215
2019-04-01,215
2019-04-02,215
2019-04-03,215
2019-04-04,215
2019-04-05,215
2019-04-06,215
2019-04-07,215
2019-04-08,215
2019-04-09,215
2019-04-10,215
2019-04-11,215
2019-04-12,215
2019-04-13,215
2019-04-14,215
2019-04-15,215
2019-04-16,215
2019-04-17,215
2019-04-18,215
2019-04-19,215
2019-04-20,215
2019-04-21,215
2019-04-22,215
2019-04-23,215
2019-04-24,215
2019-04-25,215
2019-04-26,215
2019-04-27,215
2019-04-28,214.5
2019-04-29,214
2019-04-30,214
2019-05-01,213.5
2019-05-02,213.5
2019-05-03,213.5
2019-05-04,213.5
2019-05-05,213.5
2019-05-06,213.5
2019-05-07,213.5
2019-05-08,213.5
2019-05-09,213.5
2019-05-10,213.5
2019-05-11,213.5
2019-05-12,213.5
2019-05-13,213.5
2019-05-14,213.5
2019-05-15,213.5
2019-05-16,213.5
2019-05-17,213.5
2019-05-18,213.5
2019-05-19,213.5
2019-05-20,213.5
2019-05-21,213.5
2019-05-22,213.5
2019-05-23,213.5
2019-05-24,213.5
2019-05-25,213.5
2019-05-26,213.5
2019-05-27,213.5
2019-05-28,213.5
2019-05-29,213.5
2019-05-30,214
2019-05-31,214
2019-06-01,214
2019-06-02,214
2019-06-03,214
2019-06-04,214
2019-06-05,214
2019-06-06,214
2019-06-07,214
2019-06-08,214
2019-06-09,214
2019-06-10,214
2019-06-11,214
2019-06-12,214
2019-06-13,214
2019-06-14,214
2019-06-15,214
2019-06-16,214
2019-06-17,214
2019-06-18,214
2019-06-19,214
2019-06-20,214
2019-06-21,214
2019-06-22,214
2019-06-23,214
2019-06-24,214
2019-06-25,214
2019-06-26,214
2019-06-27,214
2019-06-28,210.5
2019-06-29,207
2019-06-30,203.5
2019-07-01,200
2019-07-02,200
2019-07-03,200
2019-07-04,200
2019-07-05,200
2019-07-06,200
2019-07-07,200
2019-07-08,200
2019-07-09,200
2019-07-10,200
2019-07-11,200
2019-07-12,200
2019-07-13,200
2019-07-14,200
2019-07-15,200
2019-07-16,200
2019-07-17,200
2019-07-18,200
2019-07-19,200
2019-07-20,200
2019-07-21,200
2019-07-22,200
2019-07-23,200
2019-07-24,200
2019-07-25,200
2019-07-26,200
2019-07-27,200
2019-07-28,199
2019-07-29,198.5
2019-07-30,197.5
2019-07-31,196.5
2019-08-01,195.5
2019-08-02,195.5
2019-08-03,195.5
2019-08-04,195.5
2019-08-05,195.5
2019-08-06,195.5
2019-08-07,195.5
2019-08-08,195.5
2019-08-09,195.5
2019-08-10,195.5
2019-08-11,195.5
2019-08-12,195.5
2019-08-13,195.5
2019-08-14,195.5
2019-08-15,195.5
2019-08-16,195.5
2019-08-17,195.5
2019-08-18,195.5
2019-08-19,195.5
2019-08-20,195.5
2019-08-21,195.5
2019-08-22,195.5
2019-08-23,195.5
2019-08-24,195.5
2019-08-25,195.5
2019-08-26,195.5
2019-08-27,195.5
2019-08-28,196
2019-08-29,196
2019-08-30,196.5
2019-08-31,197
2019-09-01,197
2019-09-02,197
2019-09-03,197
2019-09-04,197
2019-09-05,197
2019-09-06,197
2019-09-07,197
2019-09-08,197
2019-09-09,197
2019-09-10,197
2019-09-11,197
2019-09-12,197
2019-09-13,197
2019-09-14,197
2019-09-15,197
2019-09-16,197
2019-09-17,197
2019-09-18,197
2019-09-19,197
2019-09-20,197
2019-09-21,197
2019-09-22,197
2019-09-23,197
2019-09-24,197
2019-09-25,197
2019-09-26,197
2019-09-27,197
2019-09-28,198
2019-09-29,199
2019-09-30,200.5
2019-10-01,201.5
2019-10-02,201.5
2019-10-03,201.5
2019-10-04,201.5
2019-10-05,201.5
2019-10-06,201.5
2019-10-07,201.5
2019-10-08,201.5
2019-10-09,201.5
2019-10-10,201.5
2019-10-11,201.5
2019-10-12,201.5
2019-10-13,201.5
2019-10-14,201.5
2019-10-15,201.5
2019-10-16,201.5
2019-10-17,201.5
2019-10-18,201.5
2019-10-19,201.5
2019-10-20,201.5
2019-10-21,201.5
2019-10-22,201.5
2019-10-23,201.5
2019-10-24,201.5
2019-10-25,201.5
2019-10-26,201.5
2019-10-27,201.5
2019-10-28,201.5
2019-10-29,202
2019-10-30,202.5
2019-10-31,203
2019-11-01,203.5
2019-11-02,203.5
2019-11-03,203.5
2019-11-04,203.5
2019-11-05,203.5
2019-11-06,203.5
2019-11-07,203.5
2019-11-08,203.5
2019-11-09,203.5
2019-11-10,203.5
2019-11-11,203.5
2019-11-12,203.5
2019-11-13,203.5
2019-11-14,203.5
2019-11-15,203.5
2019-11-16,203.5
2019-11-17,203.5
2019-11-18,203.5
2019-11-19,203.5
2019-11-20,203.5
2019-11-21,203.5
2019-11-22,203.5
2019-11-23,203.5
2019-11-24,203.5
2019-11-25,203.5
2019-11-26,203.5
2019-11-27,203.5
2019-11-28,203.5
2019-11-29,203
2019-11-30,203
2019-12-01,203
2019-12-02,203
2019-12-03,203
2019-12-04,203
2019-12-05,203
2019-12-06,203
2019-12-07,203
2019-12-08,203
2019-12-09,203
2019-12-10,203
2019-12-11,203
2019-12-12,203
2019-12-13,203
2019-12-14,203
2019-12-15,203
2019-12-16,203
2019-12-17,203
2019-12-18,203
2019-12-19,203
2019-12-20,203
2019-12-21,203
2019-12-22,203
2019-12-23,203
2019-12-24,203
2019-12-25,203
2019-12-26,203
2019-12-27,203
2019-12-28,203
2019-12-29,203
2019-12-30,203
2019-12-31,202.5
2020-01-01,202.5
2020-01-02,202.5
2020-01-03,202.5
2020-01-04,202.5
2020-01-05,202.5
2020-01-06,202.5
2020-01-07,202.5
2020-01-08,202.5
2020-01-09,202.5
2020-01-10,202.5
2020-01-11,202.5
2020-01-12,202.5
2020-01-13,202.5
2020-01-14,202.5
2020-01-15,202.5
2020-01-16,202.5
2020-01-17,202.5
2020-01-18,202.5
2020-01-19,202.5
2020-01-20,202.5
2020-01-21,202.5
2020-01-22,202.5
2020-01-23,202.5
2020-01-24,202.5
2020-01-25,202.5
2020-01-26,202.5
2020-01-27,202.5
2020-01-28,202
2020-01-29,201.5
2020-01-30,201
2020-01-31,200.5
2020-02-01,200
2020-02-02,200
2020-02-03,200
2020-02-04,200
2020-02-05,200
2020-02-06,200
2020-02-07,200
2020-02-08,200
2020-02-09,200
2020-02-10,200
2020-02-11,200
2020-02-12,200
2020-02-13,200
2020-02-14,200
2020-02-15,200
2020-02-16,200
2020-02-17,200
2020-02-18,200
2020-02-19,200
2020-02-20,200
2020-02-21,200
2020-02-22,200
2020-02-23,200
2020-02-24,200
2020-02-25,200
2020-02-26,200
2020-02-27,200
2020-02-28,199
2020-02-29,197.5
2020-03-01,196
2020-03-02,196
2020-03-03,196
2020-03-04,196
2020-03-05,196
2020-03-06,196
2020-03-07,196
2020-03-08,196
2020-03-09,196
2020-03-10,196
2020-03-11,196
2020-03-12,196
2020-03-13,196
2020-03-14,196
2020-03-15,196
2020-03-16,196
2020-03-17,196
2020-03-18,196
2020-03-19,196
2020-03-20,196
2020-03-21,196
2020-03-22,196
2020-03-23,196
2020-03-24,196
2020-03-25,196
2020-03-26,196
2020-03-27,196
2020-03-28,195
2020-03-29,194.5
2020-03-30,193.5
2020-03-31,193
2020-04-01,192
2020-04-02,192
2020-04-03,192
2020-04-04,192
2020-04-05,192
2020-04-06,192
2020-04-07,192
2020-04-08,192
2020-04-09,192
2020-04-10,192
2020-04-11,192
2020-04-12,192
2020-04-13,192
2020-04-14,192
2020-04-15,192
2020-04-16,192
2020-04-17,192
2020-04-18,192
2020-04-19,192
2020-04-20,192
2020-04-21,192
2020-04-22,192
2020-04-23,192
2020-04-24,192
2020-04-25,192
2020-04-26,192
2020-04-27,192
2020-04-28,192
2020-04-29,192
2020-04-30,192
2020-05-01,192
2020-05-02,192
2020-05-03,192
2020-05-04,192
2020-05-05,192
2020-05-06,192
2020-05-07,192
2020-05-08,192
2020-05-09,192
2020-05-10,192
2020-05-11,192
2020-05-12,192
2020-05-13,192
2020-05-14,192
2020-05-15,192
2020-05-16,192
2020-05-17,192
2020-05-18,192
2020-05-19,192
2020-05-20,192
2020-05-21,192
2020-05-22,192
2020-05-23,192
2020-05-24,192
2020-05-25,192
2020-05-26,192
2020-05-27,192
2020-05-28,191.5
2020-05-29,191
2020-05-30,190.5
2020-05-31,190
2020-06-01,189
2020-06-02,189
2020-06-03,189
2020-06-04,189
2020-06-05,189
2020-06-06,189
2020-06-07,189
2020-06-08,189
2020-06-09,189
2020-06-10,189
2020-06-11,189
2020-06-12,189
2020-06-13,189
2020-06-14,189
2020-06-15,189
2020-06-16,189
2020-06-17,189
2020-06-18,189
2020-06-19,189
2020-06-20,189
2020-06-21,189
2020-06-22,189
2020-06-23,189
2020-06-24,189
2020-06-25,189
2020-06-26,189
2020-06-27,189
2020-06-28,189.5
2020-06-29,189.5
2020-06-30,190
2020-07-01,190
2020-07-02,190
2020-07-03,190
2020-07-04,190
2020-07-05,190
2020-07-06,190
2020-07-07,190
2020-07-08,190
2020-07-09,190
2020-07-10,190
2020-07-11,190
2020-07-12,190
2020-07-13,190
2020-07-14,190
2020-07-15,190
2020-07-16,190
2020-07-17,190
2020-07-18,190
2020-07-19,190
2020-07-20,190
2020-07-21,190
2020-07-22,190
2020-07-23,190
2020-07-24,190
2020-07-25,190
2020-07-26,190
2020-07-27,190
2020-07-28,190.5
2020-07-29,190.5
2020-07-30,191
2020-07-31,191
2020-08-01,191
2020-08-02,191
2020-08-03,191
2020-08-04,191
2020-08-05,191
2020-08-06,191
2020-08-07,191
2020-08-08,191
2020-08-09,191
2020-08-10,191
2020-08-11,191
2020-08-12,191
2020-08-13,191
2020-08-14,191
2020-08-15,191
2020-08-16,191
2020-08-17,191
2020-08-18,191
2020-08-19,191
2020-08-20,191
2020-08-21,191
2020-08-22,191
2020-08-23,191
2020-08-24,191
2020-08-25,191
2020-08-26,191
2020-08-27,191
2020-08-28,191.5
2020-08-29,191.5
2020-08-30,192
2020-08-31,192
2020-09-01,192
2020-09-02,192
2020-09-03,192
2020-09-04,192
2020-09-05,192
2020-09-06,192
2020-09-07,192
2020-09-08,192
2020-09-09,192
2020-09-10,192
2020-09-11,192
2020-09-12,192
2020-09-13,192
2020-09-14,192
2020-09-15,192
2020-09-16,192
2020-09-17,192
2020-09-18,192
2020-09-19,192
2020-09-20,192
2020-09-21,192
2020-09-22,192
2020-09-23,192
2020-09-24,192
2020-09-25,192
2020-09-26,192
2020-09-27,192
2020-09-28,194.5
2020-09-29,196.5
2020-09-30,199
2020-10-01,201
2020-10-02,201
2020-10-03,201
2020-10-04,201
2020-10-05,201
2020-10-06,201
2020-10-07,201
2020-10-08,201
2020-10-09,201
2020-10-10,201
2020-10-11,201
2020-10-12,201
2020-10-13,201
2020-10-14,201
2020-10-15,201
2020-10-16,201
2020-10-17,201
2020-10-18,201
2020-10-19,201
2020-10-20,201
2020-10-21,201
2020-10-22,201
2020-10-23,201
2020-10-24,201
2020-10-25,201
2020-10-26,201
2020-10-27,201
2020-10-28,201
2020-10-29,200.5
2020-10-30,200.5
2020-10-31,200
2020-11-01,200
2020-11-02,200
2020-11-03,200
2020-11-04,200
2020-11-05,200
2020-11-06,200
2020-11-07,200
2020-11-08,200
2020-11-09,200
2020-11-10,200
2020-11-11,200
2020-11-12,200
2020-11-13,200
2020-11-14,200
2020-11-15,200
2020-11-16,200
2020-11-17,200
2020-11-18,200
2020-11-19,200
2020-11-20,200
2020-11-21,200
2020-11-22,200
2020-11-23,200
2020-11-24,200
2020-11-25,200
2020-11-26,200
2020-11-27,200
2020-11-28,203
2020-11-29,205.5
2020-11-30,208
2020-12-01,211
2020-12-02,211
2020-12-03,211
2020-12-04,211
2020-12-05,211
2020-12-06,211
2020-12-07,211
2020-12-08,211
2020-12-09,211
2020-12-10,211
2020-12-11,211
2020-12-12,211
2020-12-13,211
2020-12-14,211
2020-12-15,211
2020-12-16,211
2020-12-17,211
2020-12-18,211
2020-12-19,211
2020-12-20,211
2020-12-21,211
2020-12-22,211
2020-12-23,211
2020-12-24,211
2020-12-25,211
2020-12-26,211
2020-12-27,211
2020-12-28,211
2020-12-29,210.5
2020-12-30,210.5
2020-12-31,210
2021-01-01,210
2021-01-02,210
2021-01-03,210
2021-01-04,210
2021-01-05,210
2021-01-06,210
2021-01-07,210
2021-01-08,210
2021-01-09,210
2021-01-10,210
2021-01-11,210
2021-01-12,210
2021-01-13,210
2021-01-14,210
2021-01-15,210
2021-01-16,210
2021-01-17,210
2021-01-18,210
2021-01-19,210
2021-01-20,210
2021-01-21,210
2021-01-22,210
2021-01-23,210
2021-01-24,210
2021-01-25,210
2021-01-26,210
2021-01-27,210
2021-01-28,210
2021-01-29,209.5
2021-01-30,209.5
2021-01-31,209
2021-02-01,209
2021-02-02,209
2021-02-03,209
2021-02-04,209
2021-02-05,209
2021-02-06,209
2021-02-07,209
2021-02-08,209
2021-02-09,209
2021-02-10,209
2021-02-11,209
2021-02-12,209
2021-02-13,209
2021-02-14,209
2021-02-15,209
2021-02-16,209
2021-02-17,209
2021-02-18,209
2021-02-19,209
2021-02-20,209
2021-02-21,209
2021-02-22,209
2021-02-23,209
2021-02-24,209
2021-02-25,209
2021-02-26,209
2021-02-27,209
2021-02-28,210
2021-03-01,211
2021-03-02,211
2021-03-03,211
2021-03-04,211
2021-03-05,211
2021-03-06,211
2021-03-07,211
2021-03-08,211
2021-03-09,211
2021-03-10,211
2021-03-11,211
2021-03-12,211
2021-03-13,211
2021-03-14,211
2021-03-15,211
2021-03-16,211
2021-03-17,211
2021-03-18,211
2021-03-19,211
2021-03-20,211
2021-03-21,211
2021-03-22,211
2021-03-23,211
2021-03-24,211
2021-03-25,211
2021-03-26,211
2021-03-27,211
2021-03-28,211
2021-03-29,210.5
2021-03-30,210.5
2021-03-31,210
2021-04-01,210
2021-04-02,210
2021-04-03,210
2021-04-04,210
2021-04-05,210
2021-04-06,210
2021-04-07,210
2021-04-08,210
2021-04-09,210
2021-04-10,210
2021-04-11,210
2021-04-12,210
2021-04-13,210
2021-04-14,210
2021-04-15,210
2021-04-16,210
2021-04-17,210
2021-04-18,210
2021-04-19,210
2021-04-20,210
2021-04-21,210
2021-04-22,210
2021-04-23,210
2021-04-24,210
2021-04-25,210
2021-04-26,210
2021-04-27,210
2021-04-28,210
2021-04-29,210
2021-04-30,210
2021-05-01,210
2021-05-02,210
2021-05-03,210
2021-05-04,210
2021-05-05,210
2021-05-06,210
2021-05-07,210
2021-05-08,210
2021-05-09,210
2021-05-10,210
2021-05-11,210
2021-05-12,210
2021-05-13,210
2021-05-14,210
2021-05-15,210
2021-05-16,210
2021-05-17,210
2021-05-18,210
2021-05-19,210
2021-05-20,210
2021-05-21,210
2021-05-22,210
2021-05-23,210
2021-05-24,210
2021-05-25,210
2021-05-26,210
2021-05-27,210
2021-05-28,210.5
2021-05-29,211.5
2021-05-30,212
2021-05-31,213
2021-06-01,213.5
2021-06-02,213.5
2021-06-03,213.5
2021-06-04,213.5
2021-06-05,213.5
2021-06-06,213.5
2021-06-07,213.5
2021-06-08,213.5
2021-06-09,213.5
2021-06-10,213.5
2021-06-11,213.5
2021-06-12,213.5
2021-06-13,213.5
2021-06-14,213.5
2021-06-15,213.5
2021-06-16,213.5
2021-06-17,213.5
2021-06-18,213.5
2021-06-19,213.5
2021-06-20,213.5
2021-06-21,213.5
2021-06-22,213.5
2021-06-23,213.5
2021-06-24,213.5
2021-06-25,213.5
2021-06-26,213.5
2021-06-27,213.5
2021-06-28,213
2021-06-29,212.5
2021-06-30,212
2021-07-01,211.5
2021-07-02,211.5
2021-07-03,211.5
2021-07-04,211.5
2021-07-05,211.5
2021-07-06,211.5
2021-07-07,211.5
2021-07-08,211.5
2021-07-09,211.5
2021-07-10,211.5
2021-07-11,211.5
2021-07-12,211.5
2021-07-13,211.5
2021-07-14,211.5
2021-07-15,211.5
2021-07-16,211.5
2021-07-17,211.5
2021-07-18,211.5
2021-07-19,211.5
2021-07-20,211.5
2021-07-21,211.5
2021-07-22,211.5
2021-07-23,211.5
2021-07-24,211.5
2021-07-25,211.5
2021-07-26,211.5
2021-07-27,211.5
2021-07-28,211
2021-07-29,211
2021-07-30,210.5
2021-07-31,210.5
2021-08-01,210
2021-08-02,210
2021-08-03,210
2021-08-04,210
2021-08-05,210
2021-08-06,210
2021-08-07,210
2021-08-08,210
2021-08-09,210
2021-08-10,210
2021-08-11,210
2021-08-12,210
2021-08-13,210
2021-08-14,210
2021-08-15,210
2021-08-16,210
2021-08-17,210
2021-08-18,210
2021-08-19,210
2021-08-20,210
2021-08-21,210
2021-08-22,210
2021-08-23,210
2021-08-24,210
2021-08-25,210
2021-08-26,210
2021-08-27,210
2021-08-28,211
2021-08-29,211.5
2021-08-30,212.5
2021-08-31,213
2021-09-01,214
2021-09-02,214
2021-09-03,214
2021-09-04,214
2021-09-05,214
2021-09-06,214
2021-09-07,214
2021-09-08,214
2021-09-09,214
2021-09-10,214
2021-09-11,214
2021-09-12,214
2021-09-13,214
2021-09-14,214
2021-09-15,214
2021-09-16,214
2021-09-17,214
2021-09-18,214
2021-09-19,214
2021-09-20,214
2021-09-21,214
2021-09-22,214
2021-09-23,214
2021-09-24,214
2021-09-25,214
2021-09-26,214
2021-09-27,214
2021-09-28,214.5
2021-09-29,215
2021-09-30,215
2021-10-01,215.5
2021-10-02,215.5
2021-10-03,215.5
2021-10-04,215.5
2021-10-05,215.5
2021-10-06,215.5
2021-10-07,215.5
2021-10-08,215.5
2021-10-09,215.5
2021-10-10,215.5
2021-10-11,215.5
2021-10-12,215.5
2021-10-13,215.5
2021-10-14,215.5
2021-10-15,215.5
2021-10-16,215.5
2021-10-17,215.5
2021-10-18,215.5
2021-10-19,215.5
2021-10-20,215.5
2021-10-21,215.5
2021-10-22,215.5
2021-10-23,215.5
2021-10-24,215.5
2021-10-25,215.5
2021-10-26,215.5
2021-10-27,215.5
2021-10-28,215.5
2021-10-29,215.5
2021-10-30,215.5
2021-10-31,215.5
2021-11-01,216
2021-11-02,216
2021-11-03,216
2021-11-04,216
2021-11-05,216
2021-11-06,216
2021-11-07,216
2021-11-08,216
2021-11-09,216
2021-11-10,216
2021-11-11,216
2021-11-12,216
2021-11-13,216
2021-11-14,216
2021-11-15,216
2021-11-16,216
2021-11-17,216
2021-11-18,216
2021-11-19,216
2021-11-20,216
2021-11-21,216
2021-11-22,216
2021-11-23,216
2021-11-24,216
2021-11-25,216
2021-11-26,216
2021-11-27,216
2021-11-28,216.5
2021-11-29,217
2021-11-30,217.5
2021-12-01,218
2021-12-02,218
2021-12-03,218
2021-12-04,218
2021-12-05,218
2021-12-06,218
2021-12-07,218
2021-12-08,218
2021-12-09,218
2021-12-10,218
2021-12-11,218
2021-12-12,218
2021-12-13,218
2021-12-14,218
2021-12-15,218
2021-12-16,218
2021-12-17,218
2021-12-18,218
2021-12-19,218
2021-12-20,218
2021-12-21,218
2021-12-22,218
2021-12-23,218
2021-12-24,218
2021-12-25,218
2021-12-26,218
2021-12-27,218
2021-12-28,218
2021-12-29,217.5
2021-12-30,217.5
2021-12-31,217
2022-01-01,217
2022-01-02,217
2022-01-03,217
2022-01-04,217
2022-01-05,217
2022-01-06,217
2022-01-07,217
2022-01-08,217
2022-01-09,217
2022-01-10,217
2022-01-11,217
2022-01-12,217
2022-01-13,217
2022-01-14,217
2022-01-15,217
2022-01-16,217
2022-01-17,217
2022-01-18,217
2022-01-19,217
2022-01-20,217
2022-01-21,217
2022-01-22,217
2022-01-23,217
2022-01-24,217
2022-01-25,217
2022-01-26,217
2022-01-27,217
2022-01-28,217.5
2022-01-29,217.5
2022-01-30,218
2022-01-31,218
2022-02-01,218.5
2022-02-02,218.5
2022-02-03,218.5
2022-02-04,218.5
2022-02-05,218.5
2022-02-06,218.5
2022-02-07,218.5
2022-02-08,218.5
2022-02-09,218.5
2022-02-10,218.5
2022-02-11,218.5
2022-02-12,218.5
2022-02-13,218.5
2022-02-14,218.5
2022-02-15,218.5
2022-02-16,218.5
2022-02-17,218.5
2022-02-18,218.5
2022-02-19,218.5
2022-02-20,218.5
2022-02-21,218.5
2022-02-22,218.5
2022-02-23,218.5
2022-02-24,218.5
2022-02-25,218.5
2022-02-26,218.5
2022-02-27,218.5
2022-02-28,217
2022-03-01,216
2022-03-02,216
2022-03-03,216
2022-03-04,216
2022-03-05,216
2022-03-06,216
2022-03-07,216
2022-03-08,216
2022-03-09,216
2022-03-10,216
2022-03-11,216
2022-03-12,216
2022-03-13,216
2022-03-14,216
2022-03-15,216
2022-03-16,216
2022-03-17,216
2022-03-18,216
2022-03-19,216
2022-03-20,216
2022-03-21,216
2022-03-22,216
2022-03-23,216
2022-03-24,216
2022-03-25,216
2022-03-26,216
2022-03-27,216
2022-03-28,216
2022-03-29,215.5
2022-03-30,215.5
2022-03-31,215
2022-04-01,215
2022-04-02,215
2022-04-03,215
2022-04-04,215
2022-04-05,215
2022-04-06,215
2022-04-07,215
2022-04-08,215
2022-04-09,215
2022-04-10,215
2022-04-11,215
2022-04-12,215
2022-04-13,215
2022-04-14,215
2022-04-15,215
2022-04-16,215
2022-04-17,215
2022-04-18,215
2022-04-19,215
2022-04-20,215
2022-04-21,215
2022-04-22,215
2022-04-23,215
2022-04-24,215
2022-04-25,215
2022-04-26,215
2022-04-27,215
2022-04-28,215
2022-04-29,215
2022-04-30,214.5
2022-05-01,214.5
2022-05-02,214.5
2022-05-03,214.5
2022-05-04,214.5
2022-05-05,214.5
2022-05-06,214.5
2022-05-07,214.5
2022-05-08,214.5
2022-05-09,214.5
2022-05-10,214.5
2022-05-11,214.5
2022-05-12,214.5
2022-05-13,214.5
2022-05-14,214.5
2022-05-15,214.5
2022-05-16,214.5
2022-05-17,214.5
2022-05-18,214.5
2022-05-19,214.5
2022-05-20,214.5
2022-05-21,214.5
2022-05-22,214.5
2022-05-23,214.5
2022-05-24,214.5
2022-05-25,214.5
2022-05-26,214.5
2022-05-27,214.5
2022-05-28,215
2022-05-29,215.5
2022-05-30,215.5
2022-05-31,216
2022-06-01,216.5
2022-06-02,216.5
2022-06-03,216.5
2022-06-04,216.5
2022-06-05,216.5
2022-06-06,216.5
2022-06-07,216.5
2022-06-08,216.5
2022-06-09,216.5
2022-06-10,216.5
2022-06-11,216.5
2022-06-12,216.5
2022-06-13,216.5
2022-06-14,216.5
2022-06-15,216.5
2022-06-16,216.5
2022-06-17,216.5
2022-06-18,216.5
2022-06-19,216.5
2022-06-20,216.5
2022-06-21,216.5
2022-06-22,216.5
2022-06-23,216.5
2022-06-24,216.5
2022-06-25,216.5
2022-06-26,216.5
2022-06-27,216.5
2022-06-28,216
2022-06-29,216
2022-06-30,216
2022-07-01,215.5
2022-07-02,215.5
2022-07-03,215.5
2022-07-04,215.5
2022-07-05,215.5
2022-07-06,215.5
2022-07-07,215.5
2022-07-08,215.5
2022-07-09,215.5
2022-07-10,215.5
2022-07-11,215.5
2022-07-12,215.5
2022-07-13,215.5
2022-07-14,215.5
2022-07-15,215.5
2022-07-16,215.5
2022-07-17,215.5
2022-07-18,215.5
2022-07-19,215.5
2022-07-20,215.5
2022-07-21,215.5
2022-07-22,215.5
2022-07-23,215.5
2022-07-24,215.5
2022-07-25,215.5
2022-07-26,215.5
2022-07-27,215.5
2022-07-28,215
2022-07-29,214
2022-07-30,213.5
2022-07-31,212.5
2022-08-01,212
2022-08-02,212
2022-08-03,212
2022-08-04,212
2022-08-05,212
2022-08-06,212
2022-08-07,212
2022-08-08,212
2022-08-09,212
2022-08-10,212
2022-08-11,212
2022-08-12,212
2022-08-13,212
2022-08-14,212
2022-08-15,212
2022-08-16,212
2022-08-17,212
2022-08-18,212
2022-08-19,212
2022-08-20,212
2022-08-21,212
2022-08-22,212
2022-08-23,212
2022-08-24,212
2022-08-25,212
2022-08-26,212
2022-08-27,212
2022-08-28,211.5
2022-08-29,211
2022-08-30,211
2022-08-31,210.5
2022-09-01,210
2022-09-02,210
2022-09-03,210
2022-09-04,210
2022-09-05,210
2022-09-06,210
2022-09-07,210
2022-09-08,210
2022-09-09,210
2022-09-10,210
2022-09-11,210
2022-09-12,210
2022-09-13,210
2022-09-14,210
2022-09-15,210
2022-09-16,210
2022-09-17,210
2022-09-18,210
2022-09-19,210
2022-09-20,210
2022-09-21,210
2022-09-22,210
2022-09-23,210
2022-09-24,210
2022-09-25,210
2022-09-26,210
2022-09-27,210
2022-09-28,211.5
2022-09-29,213
2022-09-30,215
2022-10-01,216.5
2022-10-02,216.5
2022-10-03,216.5
2022-10-04,216.5
2022-10-05,216.5
2022-10-06,216.5
2022-10-07,216.5
2022-10-08,216.5
2022-10-09,216.5
2022-10-10,216.5
2022-10-11,216.5
2022-10-12,216.5
2022-10-13,216.5
2022-10-14,216.5
2022-10-15,216.5
2022-10-16,216.5
2022-10-17,216.5
2022-10-18,216.5
2022-10-19,216.5
2022-10-20,216.5
2022-10-21,216.5
2022-10-22,216.5
2022-10-23,216.5
2022-10-24,216.5
2022-10-25,216.5
2022-10-26,216.5
2022-10-27,216.5
2022-10-28,217
2022-10-29,217.5
2022-10-30,218
2022-10-31,218.5
2022-11-01,219
2022-11-02,219
2022-11-03,219
2022-11-04,219
2022-11-05,219
2022-11-06,219
2022-11-07,219
2022-11-08,219
2022-11-09,219
2022-11-10,219
2022-11-11,219
2022-11-12,219
2022-11-13,219
2022-11-14,219
2022-11-15,219
2022-11-16,219
2022-11-17,219
2022-11-18,219
2022-11-19,219
2022-11-20,219
2022-11-21,219
2022-11-22,219
2022-11-23,219
2022-11-24,219
2022-11-25,219
2022-11-26,219
2022-11-27,219
2022-11-28,219
2022-11-29,219
2022-11-30,219
2022-12-01,219
2022-12-02,219
2022-12-03,219
2022-12-04,219
2022-12-05,219
2022-12-06,219
2022-12-07,219
2022-12-08,219
2022-12-09,219
2022-12-10,219
2022-12-11,219
2022-12-12,219
2022-12-13,219
2022-12-14,219
2022-12-15,219
2022-12-16,219
2022-12-17,219
2022-12-18,219
2022-12-19,219
2022-12-20,219
2022-12-21,219
2022-12-22,219
2022-12-23,219
2022-12-24,219
2022-12-25,219
2022-12-26,219
2022-12-27,219
2022-12-28,219
2022-12-29,219
2022-12-30,219
2022-12-31,219
2023-01-01,219
2023-01-02,219
2023-01-03,219
2023-01-04,219
2023-01-05,219
2023-01-06,219
2023-01-07,219
2023-01-08,219
2023-01-09,219
2023-01-10,219
2023-01-11,219
2023-01-12,219
2023-01-13,219
2023-01-14,219
2023-01-15,219
2023-01-16,219
2023-01-17,219
2023-01-18,219
2023-01-19,219
2023-01-20,219
2023-01-21,219
2023-01-22,219
2023-01-23,219
2023-01-24,219
2023-01-25,219
2023-01-26,219
2023-01-27,219
2023-01-28,219
2023-01-29,219.5
2023-01-30,219.5
2023-01-31,220
2023-02-01,220
2023-02-02,220
2023-02-03,220
2023-02-04,220
2023-02-05,220
2023-02-06,220
2023-02-07,220
2023-02-08,220
2023-02-09,220
2023-02-10,220
2023-02-11,220
2023-02-12,220
2023-02-13,220
2023-02-14,220
2023-02-15,220
2023-02-16,220
2023-02-17,220
2023-02-18,220
2023-02-19,220
2023-02-20,220
2023-02-21,220
2023-02-22,220
2023-02-23,220
2023-02-24,220
2023-02-25,220
2023-02-26,220
2023-02-27,220
2023-02-28,221
2023-03-01,222
2023-03-02,222
2023-03-03,222
2023-03-04,222
2023-03-05,222
2023-03-06,222
2023-03-07,222
2023-03-08,222
2023-03-09,222
2023-03-10,222
2023-03-11,222
2023-03-12,222
2023-03-13,222
2023-03-14,222
2023-03-15,222
2023-03-16,222
2023-03-17,222
2023-03-18,222
2023-03-19,222
2023-03-20,222
2023-03-21,222
2023-03-22,222
2023-03-23,222
2023-03-24,222
2023-03-25,222
2023-03-26,222
2023-03-27,222
2023-03-28,222.5
2023-03-29,223
2023-03-30,224
2023-03-31,224.5
2023-04-01,225
2023-04-02,225
2023-04-03,225
2023-04-04,225
2023-04-05,225
2023-04-06,225
2023-04-07,225
2023-04-08,225
2023-04-09,225
2023-04-10,225
2023-04-11,225
2023-04-12,225
2023-04-13,225
2023-04-14,225
2023-04-15,225
2023-04-16,225
2023-04-17,225
2023-04-18,225
2023-04-19,225
2023-04-20,225
2023-04-21,225
2023-04-22,225
2023-04-23,225
2023-04-24,225
2023-04-25,225
2023-04-26,225
2023-04-27,225
2023-04-28,225
2023-04-29,224.5
2023-04-30,224
2023-05-01,224
2023-05-02,224
2023-05-03,224
2023-05-04,224
2023-05-05,224
2023-05-06,224
2023-05-07,224
2023-05-08,224
2023-05-09,224
2023-05-10,224
2023-05-11,224
2023-05-12,224
2023-05-13,224
2023-05-14,224
2023-05-15,224
2023-05-16,224
2023-05-17,224
2023-05-18,224
2023-05-19,224
2023-05-20,224
2023-05-21,224
2023-05-22,224
2023-05-23,224
2023-05-24,224
2023-05-25,224
2023-05-26,224
2023-05-27,224
2023-05-28,224
2023-05-29,224.5
2023-05-30,224.5
2023-05-31,225
2023-06-01,225
2023-06-02,225
2023-06-03,225
2023-06-04,225
2023-06-05,225
2023-06-06,225
2023-06-07,225
2023-06-08,225
2023-06-09,225
2023-06-10,225
2023-06-11,225
2023-06-12,225
2023-06-13,225
2023-06-14,225
2023-06-15,225
2023-06-16,225
2023-06-17,225
2023-06-18,225
2023-06-19,225
2023-06-20,225
2023-06-21,225
2023-06-22,225
2023-06-23,225
2023-06-24,225
2023-06-25,225
2023-06-26,225
2023-06-27,225
2023-06-28,225
2023-06-29,224.5
2023-06-30,224
2023-07-01,224
2023-07-02,224
2023-07-03,224
2023-07-04,224
2023-07-05,224
2023-07-06,224
2023-07-07,224
2023-07-08,224
2023-07-09,224
2023-07-10,224
2023-07-11,224
2023-07-12,224
2023-07-13,224
2023-07-14,224
2023-07-15,224
2023-07-16,224
2023-07-17,224
2023-07-18,224
2023-07-19,224
2023-07-20,224
2023-07-21,224
2023-07-22,224
2023-07-23,224
2023-07-24,224
2023-07-25,224
2023-07-26,224
2023-07-27,224
2023-07-28,224
2023-07-29,224.5
2023-07-30,224.5
2023-07-31,225
2023-08-01,225
2023-08-02,225
2023-08-03,225
2023-08-04,225
2023-08-05,225
2023-08-06,225
2023-08-07,225
2023-08-08,225
2023-08-09,225
2023-08-10,225
2023-08-11,225
2023-08-12,225
2023-08-13,225
2023-08-14,225
2023-08-15,225
2023-08-16,225
2023-08-17,225
2023-08-18,225
2023-08-19,225
2023-08-20,225
2023-08-21,225
2023-08-22,225
2023-08-23,225
2023-08-24,225
2023-08-25,225
2023-08-26,225
2023-08-27,225
2023-08-28,225
2023-08-29,225
2023-08-30,225
2023-08-31,225
2023-09-01,225
2023-09-02,225
2023-09-03,225
2023-09-04,225
2023-09-05,225
2023-09-06,225
2023-09-07,225
2023-09-08,225
2023-09-09,225
2023-09-10,225
2023-09-11,225
2023-09-12,225
2023-09-13,225
2023-09-14,225
2023-09-15,225
2023-09-16,225
2023-09-17,225
2023-09-18,225
2023-09-19,225
2023-09-20,225
2023-09-21,225
2023-09-22,225
2023-09-23,225
2023-09-24,225
2023-09-25,225
2023-09-26,225
2023-09-27,225
2023-09-28,226
2023-09-29,227
2023-09-30,228
2023-10-01,229
2023-10-02,229
2023-10-03,229
2023-10-04,229
2023-10-05,229
2023-10-06,229
2023-10-07,229
2023-10-08,229
2023-10-09,229
2023-10-10,229
2023-10-11,229
2023-10-12,229
2023-10-13,229
2023-10-14,229
2023-10-15,229
2023-10-16,229
2023-10-17,229
2023-10-18,229
2023-10-19,229
2023-10-20,229
2023-10-21,229
2023-10-22,229
2023-10-23,229
2023-10-24,229
2023-10-25,229
2023-10-26,229
2023-10-27,229
2023-10-28,230.5
2023-10-29,232
2023-10-30,233
2023-10-31,234.5
2023-11-01,236
2023-11-02,236
2023-11-03,236
2023-11-04,236
2023-11-05,236
2023-11-06,236
2023-11-07,236
2023-11-08,236
2023-11-09,236
2023-11-10,236
2023-11-11,236
2023-11-12,236
2023-11-13,236
2023-11-14,236
2023-11-15,236
2023-11-16,236
2023-11-17,236
2023-11-18,236
2023-11-19,236
2023-11-20,236
2023-11-21,236
2023-11-22,236
2023-11-23,236
2023-11-24,236
2023-11-25,236
2023-11-26,236
2023-11-27,236
2023-11-28,236
2023-11-29,236.5
2023-11-30,237
2023-12-01,237
2023-12-02,237
2023-12-03,237
2023-12-04,237
2023-12-05,237
2023-12-06,237
2023-12-07,237
2023-12-08,237
2023-12-09,237
2023-12-10,237
2023-12-11,237
2023-12-12,237
2023-12-13,237
2023-12-14,237
2023-12-15,237
2023-12-16,237
2023-12-17,237
2023-12-18,237
2023-12-19,237
2023-12-20,237
2023-12-21,237
2023-12-22,237
2023-12-23,237
2023-12-24,237
2023-12-25,237
2023-12-26,237
2023-12-27,237
2023-12-28,237.5
2023-12-29,238
2023-12-30,239
2023-12-31,239.5
2024-01-01,240
2024-01-02,240
2024-01-03,240
2024-01-04,240
2024-01-05,240
2024-01-06,240
2024-01-07,240
2024-01-08,240
2024-01-09,240
2024-01-10,240
2024-01-11,240
2024-01-12,240
2024-01-13,240
2024-01-14,240
2024-01-15,240
2024-01-16,240
2024-01-17,240
2024-01-18,240
2024-01-19,240
2024-01-20,240
2024-01-21,240
2024-01-22,240
2024-01-23,240
2024-01-24,240
2024-01-25,240
2024-01-26,240
2024-01-27,240
2024-01-28,240.5
2024-01-29,241
2024-01-30,242
2024-01-31,242.5
2024-02-01,243
2024-02-02,252.5
2024-02-03,252.5
2024-02-04,252.5
2024-02-05,252
2024-02-06,251
2024-02-07,250
2024-02-08,249
2024-02-09,248.5
2024-02-10,247.5
2024-02-11,246.5
2024-02-12,245.5
2024-02-13,245
2024-02-14,244
2024-02-15,243
2024-02-16,243
2024-02-17,243
2024-02-18,243
2024-02-19,243
2024-02-20,243
2024-02-21,243
2024-02-22,243
2024-02-23,243
2024-02-24,243
2024-02-25,243
2024-02-26,243
2024-02-27,243
2024-02-28,243
2024-02-29,242.5
2024-03-01,242
2024-03-02,242
2024-03-03,242
2024-03-04,241.5
2024-03-05,241
2024-03-06,241
2024-03-07,241
2024-03-08,240.5
2024-03-09,240
2024-03-10,240
2024-03-11,240
2024-03-12,240.5
2024-03-13,240.5
2024-03-14,241
2024-03-15,241
2024-03-16,241
2024-03-17,241.5
2024-03-18,241.5
2024-03-19,242
2024-03-20,242
2024-03-21,242
2024-03-22,242.5
2024-03-23,242.5
2024-03-24,243
2024-03-25,242.5
2024-03-26,242.5
2024-03-27,242.5
2024-03-28,242.5
2024-03-29,242.5
2024-03-30,242.5
2024-03-31,242.5
2024-04-01,242.5
2024-04-02,242.5
2024-04-03,242.5
2024-04-04,242.5
2024-04-05,242.5
2024-04-06,242.5
2024-04-07,242.5
2024-04-08,242.5
2024-04-09,242
2024-04-10,242
2024-04-11,242
2024-04-12,241.5
2024-04-13,241.5
2024-04-14,241.5
2024-04-15,241.5
2024-04-16,241
2024-04-17,241
2024-04-18,241
2024-04-19,240.5
2024-04-20,240.5
2024-04-21,240.5
2024-04-22,240.5
2024-04-23,241
2024-04-24,241.5
2024-04-25,241.5
2024-04-26,242
2024-04-27,242
2024-04-28,242.5
2024-04-29,242.5
2024-04-30,243
2024-05-01,243.5
2024-05-02,243.5
2024-05-03,244
2024-05-04,244
2024-05-05,244.5
2024-05-06,244
2024-05-07,244
2024-05-08,243.5
2024-05-09,243.5
2024-05-10,243
2024-05-11,242.5
2024-05-12,242.5
2024-05-13,242
2024-05-14,242
2024-05-15,241.5
2024-05-16,241.5
2024-05-17,241
2024-05-18,240.5
2024-05-19,240.5
2024-05-20,240.5
2024-05-21,240.5
2024-05-22,240.5
2024-05-23,240.5
2024-05-24,240.5
2024-05-25,240.5
2024-05-26,240.5
2024-05-27,240.5
2024-05-28,240.5
2024-05-29,240.5
2024-05-30,240.5
2024-05-31,240.5
2024-06-01,241
2024-06-02,241
2024-06-03,241
2024-06-04,241
2024-06-05,241
2024-06-06,241.5
2024-06-07,241.5
2024-06-08,241.5
2024-06-09,241.5
2024-06-10,242
2024-06-11,242
2024-06-12,242
2024-06-13,242.5
2024-06-14,242.5
2024-06-15,242.5
2024-06-16,242.5
2024-06-17,242.5
2024-06-18,242.5
2024-06-19,242.5
2024-06-20,242
2024-06-21,242
2024-06-22,242
2024-06-23,241.5
2024-06-24,241.5
2024-06-25,241.5
2024-06-26,241.5
2024-06-27,241
2024-06-28,241
2024-06-29,241
2024-06-30,241
2024-07-01,241
2024-07-02,241
2024-07-03,241
2024-07-04,241.5
2024-07-05,241.5
2024-07-06,241.5
2024-07-07,241.5
2024-07-08,242
2024-07-09,242
2024-07-10,242
2024-07-11,242.5
2024-07-12,242.5
2024-07-13,242.5
2024-07-14,242.5
2024-07-15,242.5
2024-07-16,242.5
2024-07-17,242.5
2024-07-18,242.5
2024-07-19,242.5
2024-07-20,242.5
2024-07-21,242.5
2024-07-22,243
2024-07-23,243
2024-07-24,243
2024-07-25,243
2024-07-26,243
2024-07-27,243
2024-07-28,243
2024-07-29,242.5
2024-07-30,242.5
2024-07-31,242.5
2024-08-01,242.5
2024-08-02,242.5
2024-08-03,242.5
2024-08-04,242
2024-08-05,242
2024-08-06,242
2024-08-07,242
2024-08-08,242
2024-08-09,241.5
2024-08-10,241.5
2024-08-11,241.5
2024-08-12,241.5
2024-08-13,241.5
2024-08-14,241.5
2024-08-15,241.5
2024-08-16,241.5
2024-08-17,241.5
2024-08-18,241.5
2024-08-19,241.5
2024-08-20,241.5
2024-08-21,241.5
2024-08-22,241.5
2024-08-23,241.5
2024-08-24,241.5
2024-08-25,241.5
2024-08-26,241.5
2024-08-27,241.5
2024-08-28,241.5
2024-08-29,241
2024-08-30,241
2024-08-31,241
2024-09-01,241
2024-09-02,241
2024-09-03,241
2024-09-04,241
2024-09-05,241
2024-09-06,241
2024-09-07,241
2024-09-08,241
2024-09-09,241
2024-09-10,241
2024-09-11,241
2024-09-12,241
2024-09-13,241.5
2024-09-14,241.5
2024-09-15,241.5
2024-09-16,241.5
2024-09-17,242
2024-09-18,242
2024-09-19,242
2024-09-20,241.5
2024-09-21,241.5
2024-09-22,242
2024-09-23,242
2024-09-24,242
2024-09-25,242
2024-09-26,243.5
2024-09-27,245
2024-09-28,246
2024-09-29,247
2024-09-30,248
2024-10-01,248
2024-10-02,249.5
2024-10-03,249.5
2024-10-04,250
2024-10-05,250.5
2024-10-06,251.5
2024-10-07,251.5
2024-10-08,251.5
2024-10-09,252.5
2024-10-10,250.5
2024-10-11,249.5
2024-10-12,249
2024-10-13,248.5
2024-10-14,248.5
2024-10-15,248.5
2024-10-16,248.5
2024-10-17,248.5
2024-10-18,247.5
2024-10-19,247.5
2024-10-20,248.5
2024-10-21,248.5
2024-10-22,248.5
2024-10-23,248.5
2024-10-24,248.5
2024-10-25,248.5
2024-10-26,248.5
2024-10-27,248.5
2024-10-28,248.5
2024-10-29,248.5
2024-10-30,248.5
2024-10-31,248.5
2024-11-01,248.5
2024-11-02,248.5
2024-11-03,248.5
2024-11-04,248.5
2024-11-05,248.5
2024-11-06,248.5
2024-11-07,248.5
2024-11-08,249
2024-11-09,249
2024-11-10,249
2024-11-11,249
2024-11-12,250
2024-11-13,250
2024-11-14,250
2024-11-15,250
2024-11-16,250
2024-11-17,250
2024-11-18,250
2024-11-19,250
2024-11-20,251
2024-11-21,252
2024-11-22,252
2024-11-23,250.5
2024-11-24,252.5
2024-11-25,252.5
2024-11-26,253.5
2024-11-27,252
2024-11-28,252
2024-11-29,253.5
2024-11-30,253.5
2024-12-01,253.5
2024-12-02,253.5
2024-12-03,253.5
2024-12-04,254.5
2024-12-05,254.5
2024-12-06,255
2024-12-07,255
2024-12-08,255.5
2024-12-09,255.5
2024-12-10,255.5
2024-12-11,255.5
2024-12-12,259.5
2024-12-13,257.5
2024-12-14,257.5
2024-12-15,257.5
2024-12-16,257.5
2024-12-17,255.5
2024-12-18,255.5
2024-12-19,254.5
2024-12-20,253.5
2024-12-21,251.5
2024-12-22,250.5
2024-12-23,249.5
2024-12-24,249.5
2024-12-25,249
2024-12-26,249
2024-12-27,249
2024-12-28,249
2024-12-29,243.5
2024-12-30,243
2024-12-31,242.5
2025-01-01,243.5
2025-01-02,245
2025-01-03,244.5
2025-01-04,244.5
2025-01-05,244.5
2025-01-06,251
2025-01-07,251
2025-01-08,251
2025-01-09,250.5
2025-01-10,250.5
2025-01-11,250.5
2025-01-12,250.5
2025-01-13,250.5
2025-01-14,252.5
2025-01-15,252.5
2025-01-16,252.5
2025-01-17,252.5
2025-01-18,252.5
2025-01-19,252.5
2025-01-20,252.5
2025-01-21,252.5
2025-01-22,252.5
2025-01-23,252.5
2025-01-24,252.5
2025-01-25,252.5
2025-01-26,252.5
2025-01-27,252.5
2025-01-28,252.5
2025-01-29,252.5
2025-01-30,252.5
2025-01-31,252.5
2025-02-01,252.5
2025-02-02,252.5
2025-02-03,252.5
2025-02-04,252.5
2025-02-05,252.5
2025-02-06,252.5
2025-02-07,252.5
2025-02-08,252.5
2025-02-09,252.5
2025-02-10,252.5
2025-02-11,252.5
2025-02-12,252.5
2025-02-13,252.5
2025-02-14,252.5
2025-02-15,252.5
2025-02-16,252.5
2025-02-17,252.5
2025-02-18,252.5
2025-02-19,252.5
2025-02-20,252.5
2025-02-21,252.5
2025-02-22,252.5
2025-02-23,252.5
2025-02-24,252.5
2025-02-25,252.5
2025-02-26,252
2025-02-27,252
2025-02-28,252
2025-03-01,252
2025-03-02,252
2025-03-03,252
2025-03-04,252
2025-03-05,252
2025-03-06,252
2025-03-07,252
2025-03-08,252
2025-03-09,252
2025-03-10,252
2025-03-11,252
2025-03-12,252
2025-03-13,252
2025-03-14,252
2025-03-15,252
2025-03-16,252.5
2025-03-17,252.5
2025-03-18,252.5
2025-03-19,252.5
2025-03-20,252.5
2025-03-21,252.5
2025-03-22,252.5
2025-03-23,252.5
2025-03-24,252.5
2025-03-25,252.5
2025-03-26,252.5
2025-03-27,252.5
2025-03-28,252.5
2025-03-29,252.5
2025-03-30,252.5
2025-03-31,252.5
2025-04-01,252.5
2025-04-02,252.5
2025-04-03,252.5
2025-04-04,253
2025-04-05,253
2025-04-06,253
2025-04-07,253
2025-04-08,253
2025-04-09,253
2025-04-10,253
2025-04-11,253
2025-04-12,253
2025-04-13,253
2025-04-14,253
2025-04-15,253
2025-04-16,253
2025-04-17,253
2025-04-18,253
2025-04-19,253
2025-04-20,253
2025-04-21,253
2025-04-22,253
2025-04-23,253.5
2025-04-24,253.5
2025-04-25,253.5
2025-04-26,253.5
2025-04-27,253.5
2025-04-28,253.5
2025-04-29,253.5
2025-04-30,253.5
2025-05-01,253.5
2025-05-02,253.5
2025-05-03,253.5
2025-05-04,253.5
2025-05-05,253.5
2025-05-06,253.5
2025-05-07,253.5
2025-05-08,253.5
2025-05-09,253.5
2025-05-10,253.5
2025-05-11,253.5
2025-05-12,254
2025-05-13,254
2025-05-14,254
2025-05-15,254
2025-05-16,254
2025-05-17,254
2025-05-18,254
2025-05-19,254
2025-05-20,254
2025-05-21,254
2025-05-22,254
2025-05-23,254
2025-05-24,254
2025-05-25,254
2025-05-26,254
2025-05-27,254
2025-05-28,254
2025-05-29,254
2025-05-30,254.5
2025-05-31,254.5
2025-06-01,254.5
2025-06-02,254.5
2025-06-03,254.5
2025-06-04,254.5
2025-06-05,254.5
2025-06-06,254.5
2025-06-07,254.5
2025-06-08,254.5
2025-06-09,254.5
2025-06-10,254.5
2025-06-11,254.5
2025-06-12,254.5
2025-06-13,254.5
2025-06-14,254.5
2025-06-15,254.5
2025-06-16,254.5
2025-06-17,254.5
2025-06-18,255
2025-06-19,255
2025-06-20,255
2025-06-21,255
2025-06-22,255
2025-06-23,255
2025-06-24,255
2025-06-25,255
2025-06-26,255
2025-06-27,255
2025-06-28,255
2025-06-29,255
2025-06-30,255
2025-07-01,255
2025-07-02,255
2025-07-03,255
2025-07-04,255
2025-07-05,255
2025-07-06,255
2025-07-07,255.5
2025-07-08,255.5
2025-07-09,255.5
2025-07-10,255.5
2025-07-11,255.5
2025-07-12,255.5
2025-07-13,255.5
2025-07-14,255.5
2025-07-15,255.5
2025-07-16,255.5
2025-07-17,255.5
2025-07-18,255.5
2025-07-19,255.5
2025-07-20,255.5
2025-07-21,255.5
2025-07-22,255.5
2025-07-23,255.5
2025-07-24,255.5
2025-07-25,255.5
2025-07-26,256
2025-07-27,256
2025-07-28,256
2025-07-29,256
2025-07-30,256
2025-07-31,256
2025-08-01,256
2025-08-02,256
2025-08-03,256
2025-08-04,256
2025-08-05,260
2025-08-06,260
2025-08-07,260
2025-08-08,260
2025-08-09,260
2025-08-10,260
2025-08-11,260
2025-08-12,260
2025-08-13,260
2025-08-14,260
2025-08-15,260
2025-08-16,260
2025-08-17,260
2025-08-18,260.5
2025-08-19,260.5
2025-08-20,261
2025-08-21,261
2025-08-22,261
2025-08-23,261
2025-08-24,262
2025-08-25,262
2025-08-26,262
2025-08-27,262
2025-08-28,262
2025-08-29,261
2025-08-30,261
2025-08-31,261
2025-09-01,261
2025-09-02,261
2025-09-03,261
2025-09-04,263
2025-09-05,263
2025-09-06,263
2025-09-07,263
2025-09-08,263
2025-09-09,263
2025-09-10,263
2025-09-11,263
2025-09-12,263
2025-09-13,263
2025-09-14,263
2025-09-15,263
2025-09-16,263
2025-09-17,263
2025-09-18,263
2025-09-19,263
2025-09-20,263
2025-09-21,263
2025-09-22,263
2025-09-23,263
2025-09-24,263
2025-09-25,263
2025-09-26,263
2025-09-27,263
2025-09-28,263
2025-09-29,263
2025-09-30,263
2025-10-01,263
2025-10-02,263
2025-10-03,263
2025-10-04,263
2025-10-05,263
2025-10-06,263
2025-10-07,263
2025-10-08,263
2025-10-09,263
2025-10-10,268
2025-10-11,268
2025-10-12,268
2025-10-13,268
2025-10-14,268
2025-10-15,268.5
2025-10-16,268.5
2025-10-17,268.5
2025-10-18,269
2025-10-19,269
2025-10-20,269
2025-10-21,268
2025-10-22,268
2025-10-23,268
2025-10-24,268
2025-10-25,268
2025-10-26,268
2025-10-27,269
2025-10-28,269
2025-10-29,271
2025-10-30,271
2025-10-31,271
2025-11-01,271
2025-11-02,271
2025-11-03,273
2025-11-04,273
2025-11-05,273
2025-11-06,273
2025-11-07,273
2025-11-08,273
2025-11-09,273
2025-11-10,273
2025-11-11,273
2025-11-12,273
2025-11-13,273
2025-11-14,273
2025-11-15,274
2025-11-16,274
2025-11-17,274
2025-11-18,274
2025-11-19,274
2025-11-20,274
2025-11-21,275
2025-11-22,275
2025-11-23,276
2025-11-24,280
2025-11-25,283
2025-11-26,287
2025-11-27,287
2025-11-28,288
2025-11-29,287
2025-11-30,284
2025-12-01,284
2025-12-02,282
2025-12-03,279
2025-12-04,280
2025-12-05,280
2025-12-06,281
2025-12-07,281
2025-12-08,282
2025-12-09,282
2025-12-10,282
2025-12-11,282
2025-12-12,283
2025-12-13,282
2025-12-14,282
2025-12-15,282
2025-12-16,282
2025-12-17,282
2025-12-18,282
2025-12-19,282
2025-12-20,280
2025-12-21,280
2025-12-22,280
2025-12-23,280
2025-12-24,280
2025-12-25,280
2025-12-26,280
2025-12-27,280
2025-12-28,280
2025-12-29,280
2025-12-30,279
2025-12-31,279
2026-01-01,278
2026-01-02,278
2026-01-03,278
2026-01-04,278
2026-01-05,278
2026-01-06,278
2026-01-07,280
2026-01-08,281
2026-01-09,281
2026-01-10,281
2026-01-11,281
2026-01-12,281
2026-01-13,281
2026-01-14,281
2026-01-15,281
2026-01-16,281
2026-01-17,281
2026-01-18,281
2026-01-19,281
2026-01-20,279
2026-01-21,279
2026-01-22,279
2026-01-23,281
2026-01-24,281
2026-01-25,281
2026-01-26,281
2026-01-27,282
2026-01-28,282
2026-01-29,282
2026-01-30,282
2026-01-31,282
2026-02-01,282
2026-02-02,282
2026-02-03,282
2026-02-04,282
2026-02-05,282
2026-02-06,282
2026-02-07,282
2026-02-08,282
2026-02-09,282
2026-02-10,282
2026-02-11,282
2026-02-12,282
2026-02-13,282
2026-02-14,282
2026-02-15,282
2026-02-16,282
2026-02-17,282
2026-02-18,282
2026-02-19,279
2026-02-20,279
2026-02-21,279
2026-02-22,282
2026-02-23,279
2026-02-24,279
2026-02-25,280
2026-02-26,280
2026-02-27,281
2026-02-28,281
2026-03-01,281
2026-03-02,281
2026-03-03,278
2026-03-04,278
2026-03-05,277
2026-03-06,277
2026-03-07,277
2026-03-08,277
2026-03-09,277
2026-03-10,277
2026-03-11,277
2026-03-12,278
2026-03-13,278
2026-03-14,277
2026-03-15,279
2026-03-16,279
2026-03-17,279
2026-03-18,277
2026-03-19,277
2026-03-20,277
